[
    {
        "condition": "any_of",
        "terms": [
            {
                "condition": "entity_properties",
                "entity": "this",
                "predicate": {
                    "type": "area_effect_cloud",
                    "nbt": "{Tags:[\"mobequipment_web\"]}"
                }
            },
            {
                "condition": "entity_properties",
                "entity": "this",
                "predicate": {
                    "type": "area_effect_cloud",
                    "nbt": "{Tags:[\"mobequipment_tnt\"]}"
                }
            },
            {
                "condition": "entity_properties",
                "entity": "this",
                "predicate": {
                    "type": "#mobequipment:2",
                    "nbt": "{Tags:[\"mobequipment_throw\"]}"
                }
            },
            {
                "condition": "entity_properties",
                "entity": "this",
                "predicate": {
                    "type": "item",
                    "nbt": "{Tags:[\"mobequipment_throw_silverfish\"]}"
                }
            }
        ]
    }
]