{
    "condition": "any_of",
    "terms": [
        {
            "condition": "entity_properties",
            "predicate": {
                "equipment": {
                    "offhand": {
                        "items": [
                            "ender_pearl",
                            "splash_potion",
                            "silverfish_spawn_egg",
                            "tnt",
                            "lava_bucket",
                            "cobweb",
                            "shield"
                        ]
                    }
                }
            },
            "entity": "this"
        },        {
            "condition": "entity_properties",
            "predicate": {
                "equipment": {
                    "mainhand": {
                        "items": [
                            "bow"
                        ]
                    }
                },
                "type": "wither_skeleton"
            },
            "entity": "this"
        }
    ]
}