{
  "parent": "mobequipment:root",
  "display": {
    "icon": {
      "item": "minecraft:diamond_sword",
      "nbt": "{Damage:0}"
    },
    "title": {
      "text": "4级怪"
    },
    "description": "+50 xp",
    "announce_to_chat": false,
    "show_toast": false,
    "hidden": true
  },
  "rewards": {
    "function": "mobequipment:kill/4"
  },
  "criteria": {
    "kill": {
      "trigger": "minecraft:player_killed_entity",
      "conditions": {
        "entity": [
          {
            "condition": "minecraft:entity_properties",
            "predicate": {
              "type": "#mobequipment:kill/4"
            },
            "entity": "this"
          }
        ]
      }
    }
  }
}