{
  "type": "minecraft:entity",
  "pools": [
    {
      "rolls": 1,
      "functions": [
        {
          "function": "minecraft:enchant_with_levels",
          "levels": {
            "max": 18,
            "min": 3
          },
          "conditions": [
            {
              "condition": "entity_scores",
              "entity": "this",
              "scores": {
                "mobequipment_xp2": {
                  "max": 999,
                  "min": 0
                }
              }
            },
            {
              "condition": "random_chance",
              "chance": 0.2
            }
          ]
        },
        {
          "function": "minecraft:enchant_with_levels",
          "levels": {
            "max": 22,
            "min": 5
          },
          "conditions": [
            {
              "condition": "entity_scores",
              "entity": "this",
              "scores": {
                "mobequipment_xp2": {
                  "max": 2999,
                  "min": 1000
                }
              }
            },
            {
              "condition": "random_chance",
              "chance": 0.3
            }
          ]
        },
        {
          "function": "minecraft:enchant_with_levels",
          "levels": {
            "max": 30,
            "min": 20
          },
          "conditions": [
            {
              "condition": "entity_scores",
              "entity": "this",
              "scores": {
                "mobequipment_xp2": {
                  "min": 3000
                }
              }
            },
            {
              "condition": "random_chance",
              "chance": 0.4
            }
          ]
        }
      ],
      "conditions": [
        {
          "condition": "entity_properties",
          "entity": "this",
          "predicate": {
            "type": "#mobequipment:zombie"
          }
        },
        {
          "condition": "inverted",
          "term": {
            "condition": "minecraft:entity_scores",
            "entity": "this",
            "scores": {
              "mobequipment_404a": {
                "min": 0
              }
            }
          }
        }
      ],
      "entries": [
        {
          "type": "minecraft:item",
          "name": "minecraft:stone_shovel"
        },
        {
          "type": "minecraft:item",
          "name": "minecraft:iron_shovel"
        },
        {
          "type": "minecraft:item",
          "name": "minecraft:stone_sword"
        }
      ]
    },
    {
      "rolls": 1,
      "conditions": [
        {
          "condition": "entity_properties",
          "entity": "this",
          "predicate": {
            "type": "#mobequipment:zombie"
          }
        },
        {
          "condition": "entity_scores",
          "entity": "this",
          "scores": {
            "mobequipment_404a": {
              "min": 0
            }
          }
        },
        {
          "condition": "inverted",
          "term": {
            "condition": "minecraft:entity_scores",
            "entity": "this",
            "scores": {
              "mobequipment_505a": {
                "min": 0
              }
            }
          }
        }
      ],
      "entries": [
        {
          "type": "item",
          "name": "iron_sword",
          "weight": 4
        },
        {
          "type": "item",
          "name": "diamond_shovel",
          "weight": 1
        },
        {
          "type": "item",
          "name": "trident",
          "weight": 5,
          "conditions": [
            {
              "condition": "entity_properties",
              "entity": "this",
              "predicate": {
                "type": "drowned"
              }
            }
          ]
        }
      ]
    },
    {
      "rolls": 1,
      "conditions": [
        {
          "condition": "entity_properties",
          "entity": "this",
          "predicate": {
            "type": "#mobequipment:zombie"
          }
        },
        {
          "condition": "minecraft:entity_scores",
          "entity": "this",
          "scores": {
            "mobequipment_505a": {
              "min": 0
            }
          }
        }
      ],
      "entries": [
        {
          "type": "item",
          "name": "stone_axe",
          "weight": 3
        },
        {
          "type": "item",
          "name": "diamond_sword",
          "weight": 1
        }
      ]
    },
    {
      "rolls": 1,
      "conditions": [
        {
          "condition": "entity_properties",
          "entity": "this",
          "predicate": {
            "type": "#mobequipment:skeleton"
          }
        },
        {
          "condition": "inverted",
          "term": {
            "condition": "minecraft:entity_scores",
            "entity": "this",
            "scores": {
              "mobequipment_404a": {
                "min": 0
              }
            }
          }
        }
      ],
      "entries": [
        {
          "type": "minecraft:item",
          "name": "minecraft:wooden_sword"
        },
        {
          "type": "minecraft:item",
          "name": "minecraft:wooden_axe"
        }
      ]
    },
    {
      "rolls": 1,
      "conditions": [
        {
          "condition": "entity_properties",
          "entity": "this",
          "predicate": {
            "type": "#mobequipment:skeleton"
          }
        },
        {
          "condition": "entity_scores",
          "entity": "this",
          "scores": {
            "mobequipment_404a": {
              "min": 0
            }
          }
        },
        {
          "condition": "inverted",
          "term": {
            "condition": "minecraft:entity_scores",
            "entity": "this",
            "scores": {
              "mobequipment_505a": {
                "min": 0
              }
            }
          }
        }
      ],
      "entries": [
        {
          "type": "item",
          "name": "iron_sword",
          "weight": 2
        },
        {
          "type": "item",
          "name": "stone_axe",
          "weight": 1
        },
        {
          "type": "item",
          "name": "diamond_sword",
          "weight": 1
        }
      ]
    },
    {
      "rolls": 1,
      "conditions": [
        {
          "condition": "entity_properties",
          "entity": "this",
          "predicate": {
            "type": "#mobequipment:skeleton"
          }
        },
        {
          "condition": "minecraft:entity_scores",
          "entity": "this",
          "scores": {
            "mobequipment_505a": {
              "min": 0
            }
          }
        }
      ],
      "entries": [
        {
          "type": "item",
          "name": "iron_axe",
          "weight": 2
        },
        {
          "type": "item",
          "name": "diamond_axe",
          "weight": 1
        }
      ]
    },
    {
      "rolls": 1,
      "conditions": [
        {
          "condition": "entity_properties",
          "entity": "this",
          "predicate": {
            "type": "wither_skeleton"
          }
        },
        {
          "condition": "inverted",
          "term": {
            "condition": "minecraft:entity_scores",
            "entity": "this",
            "scores": {
              "mobequipment_404a": {
                "min": 0
              }
            }
          }
        }
      ],
      "entries": [
        {
          "type": "minecraft:item",
          "name": "minecraft:iron_sword"
        },
        {
          "type": "minecraft:item",
          "name": "minecraft:stone_axe"
        }
      ]
    },
    {
      "rolls": 1,
      "conditions": [
        {
          "condition": "entity_properties",
          "entity": "this",
          "predicate": {
            "type": "wither_skeleton"
          }
        },
        {
          "condition": "entity_scores",
          "entity": "this",
          "scores": {
            "mobequipment_404a": {
              "min": 0
            }
          }
        },
        {
          "condition": "inverted",
          "term": {
            "condition": "minecraft:entity_scores",
            "entity": "this",
            "scores": {
              "mobequipment_505a": {
                "min": 0
              }
            }
          }
        }
      ],
      "entries": [
        {
          "type": "item",
          "name": "diamond_sword",
          "weight": 1
        },
        {
          "type": "item",
          "name": "iron_axe",
          "weight": 1
        }
      ]
    },
    {
      "rolls": 1,
      "conditions": [
        {
          "condition": "entity_properties",
          "entity": "this",
          "predicate": {
            "type": "wither_skeleton"
          }
        },
        {
          "condition": "minecraft:entity_scores",
          "entity": "this",
          "scores": {
            "mobequipment_505a": {
              "min": 0
            }
          }
        }
      ],
      "entries": [
        {
          "type": "item",
          "name": "netherite_sword",
          "weight":1
        },
        {
          "type": "item",
          "name": "netherite_axe",
          "weight": 1
        },
        {
          "type": "item",
          "name": "diamond_axe",
          "weight": 1
        }
      ]
    }
  ]
}