{
  "type": "minecraft:entity",
  "functions": [
    {
      "function": "minecraft:enchant_with_levels",
      "levels": {
        "max": 18,
        "min": 3
      },
      "conditions": [
        {
          "condition": "entity_scores",
          "entity": "this",
          "scores": {
            "mobequipment_xp2": {
              "max": 999,
              "min": 0
            }
          }
        },
        {
          "condition": "random_chance",
          "chance": 0.2
        }
      ]
    },
    {
      "function": "minecraft:enchant_with_levels",
      "levels": {
        "max": 22,
        "min": 5
      },
      "conditions": [
        {
          "condition": "entity_scores",
          "entity": "this",
          "scores": {
            "mobequipment_xp2": {
              "max": 2999,
              "min": 1000
            }
          }
        },
        {
          "condition": "random_chance",
          "chance": 0.3
        }
      ]
    },
    {
      "function": "minecraft:enchant_with_levels",
      "levels": {
        "max": 30,
        "min": 20
      },
      "conditions": [
        {
          "condition": "entity_scores",
          "entity": "this",
          "scores": {
            "mobequipment_xp2": {
              "min": 3000
            }
          }
        },
        {
          "condition": "random_chance",
          "chance": 0.4
        }
      ]
    }
  ],
  "pools": [
    {
      "rolls": 1,
      "conditions": [
        {
          "condition": "inverted",
          "term": {
            "condition": "minecraft:entity_scores",
            "entity": "this",
            "scores": {
              "mobequipment_404a": {
                "min": 0
              }
            }
          }
        }
      ],
      "entries": [
        {
          "type": "minecraft:item",
          "name": "minecraft:leather_boots",
          "conditions": [
            {
              "condition": "entity_scores",
              "entity": "this",
              "scores": {
                "mobequipment_303a": {
                  "max": 500,
                  "min": 0
                }
              }
            }
          ]
        },
        {
          "type": "minecraft:item",
          "name": "minecraft:golden_boots",
          "conditions": [
            {
              "condition": "entity_scores",
              "entity": "this",
              "scores": {
                "mobequipment_303a": {
                  "max": 750,
                  "min": 501
                }
              }
            }
          ]
        },
        {
          "type": "minecraft:item",
          "name": "minecraft:chainmail_boots",
          "conditions": [
            {
              "condition": "entity_scores",
              "entity": "this",
              "scores": {
                "mobequipment_303a": {
                  "max": 1000,
                  "min": 751
                }
              }
            }
          ]
        }
      ]
    },
    {
      "rolls": 1,
      "conditions": [
        {
          "condition": "entity_scores",
          "entity": "this",
          "scores": {
            "mobequipment_404a": {
              "min": 0
            }
          }
        }
      ],
      "entries": [
        {
          "type": "item",
          "name": "iron_boots",
          "conditions": [
            {
              "condition": "inverted",
              "term": {
                "condition": "minecraft:entity_scores",
                "entity": "this",
                "scores": {
                  "mobequipment_505a": {
                    "min": 0
                  }
                }
              }
            }
          ]
        },
        {
          "type": "item",
          "name": "diamond_boots",
          "conditions": [
            {
              "condition": "minecraft:entity_scores",
              "entity": "this",
              "scores": {
                "mobequipment_505a": {
                  "min": 0
                }
              }
            },
            {
              "condition": "inverted",
              "term": {
                "condition": "entity_properties",
                "entity": "this",
                "predicate": {
                  "nbt": "{Tags:[\"mobequipment_505aN\"]}"
                }
              }
            }
          ]
        },
        {
          "type": "item",
          "name": "netherite_boots",
          "conditions": [
            {
              "condition": "minecraft:entity_scores",
              "entity": "this",
              "scores": {
                "mobequipment_505a": {
                  "min": 0
                }
              }
            },
            {
              "condition": "entity_properties",
              "entity": "this",
              "predicate": {
                "nbt": "{Tags:[\"mobequipment_505aN\"]}"
              }
            }
          ]
        }
      ]
    }
  ]
}