{
  "type": "entity",
  "pools": [
    {
      "rolls": 1,
      "functions": [
        {
          "function": "minecraft:enchant_with_levels",
          "levels": {
            "max": 18,
            "min": 3
          },
          "conditions": [
            {
              "condition": "entity_scores",
              "entity": "this",
              "scores": {
                "mobequipment_xp2": {
                  "max": 999,
                  "min": 0
                }
              }
            },
            {
              "condition": "random_chance",
              "chance": 0.2
            }
          ]
        },
        {
          "function": "minecraft:enchant_with_levels",
          "levels": {
            "max": 22,
            "min": 5
          },
          "conditions": [
            {
              "condition": "entity_scores",
              "entity": "this",
              "scores": {
                "mobequipment_xp2": {
                  "max": 2999,
                  "min": 1000
                }
              }
            },
            {
              "condition": "random_chance",
              "chance": 0.3
            }
          ]
        },
        {
          "function": "minecraft:enchant_with_levels",
          "levels": {
            "max": 30,
            "min": 20
          },
          "conditions": [
            {
              "condition": "entity_scores",
              "entity": "this",
              "scores": {
                "mobequipment_xp2": {
                  "min": 3000
                }
              }
            },
            {
              "condition": "random_chance",
              "chance": 0.4
            }
          ]
        }
      ],
      "conditions": [
        {
          "condition": "inverted",
          "term": {
            "condition": "minecraft:entity_scores",
            "entity": "this",
            "scores": {
              "mobequipment_404a": {
                "min": 0
              }
            }
          }
        }
      ],
      "entries": [
        {
          "type": "item",
          "weight": 1,
          "name": "stone_sword"
        },
        {
          "type": "item",
          "weight": 1,
          "name": "iron_sword"
        }
      ]
    },
    {
      "rolls": 1,
      "conditions": [
        {
          "condition": "minecraft:entity_scores",
          "entity": "this",
          "scores": {
            "mobequipment_404a": {
              "min": -2000
            }
          }
        }
      ],
      "entries": [
        {
          "type": "item",
          "weight": 1,
          "name": "diamond_sword"
        }
      ]
    }
  ]
}