{
  "type": "minecraft:entity",
  "pools": [
    {
      "rolls": 1,
      "entries": [
        {
          "type": "minecraft:loot_table",
          "name": "minecraft:entities/zombie",
          "conditions": [
            {
              "condition": "entity_properties",
              "entity": "this",
              "predicate": {
                "type": "zombie"
              }
            }
          ]
        },
        {
          "type": "minecraft:loot_table",
          "name": "minecraft:entities/husk",
          "conditions": [
            {
              "condition": "entity_properties",
              "entity": "this",
              "predicate": {
                "type": "husk"
              }
            }
          ]
        },
        {
          "type": "minecraft:loot_table",
          "name": "minecraft:entities/drowned",
          "conditions": [
            {
              "condition": "entity_properties",
              "entity": "this",
              "predicate": {
                "type": "drowned"
              }
            }
          ]
        },
        {
          "type": "minecraft:loot_table",
          "name": "minecraft:entities/zombie_villager",
          "conditions": [
            {
              "condition": "entity_properties",
              "entity": "this",
              "predicate": {
                "type": "zombie_villager"
              }
            }
          ]
        },
        {
          "type": "minecraft:loot_table",
          "name": "minecraft:entities/skeleton",
          "conditions": [
            {
              "condition": "entity_properties",
              "entity": "this",
              "predicate": {
                "type": "minecraft:skeleton"
              }
            }
          ]
        },
        {
          "type": "minecraft:loot_table",
          "name": "minecraft:entities/stray",
          "conditions": [
            {
              "condition": "entity_properties",
              "entity": "this",
              "predicate": {
                "type": "minecraft:stray"
              }
            }
          ]
        },
        {
          "type": "minecraft:loot_table",
          "name": "minecraft:entities/wither_skeleton",
          "conditions": [
            {
              "condition": "entity_properties",
              "entity": "this",
              "predicate": {
                "type": "minecraft:wither_skeleton"
              }
            }
          ]
        }
      ]
    },
    {
      "rolls": 1,
      "entries": [
        {
          "type": "minecraft:item",
          "functions": [
            {
              "function": "minecraft:set_count",
              "count": {
                "min": 2.0,
                "max": 5.0,
                "type": "minecraft:uniform"
              }
            },
            {
              "function": "minecraft:looting_enchant",
              "count": {
                "min": 1.0,
                "max": 2.0
              }
            }
          ],
          "name": "minecraft:torch"
        }
      ]
    },
    {
      "rolls": 1,
      "conditions": [
        {
          "condition": "killed_by_player",
          "inverse": true
        }
      ],
      "entries": [
        {
          "type": "minecraft:item",
          "weight": 2,
          "functions": [
            {
              "function": "minecraft:set_count",
              "count": {
                "max": 3,
                "min": 1
              }
            },
            {
              "function": "minecraft:looting_enchant",
              "count": {
                "min": 0.0,
                "max": 1.0
              }
            }
          ],
          "conditions": [
            {
              "condition": "entity_properties",
              "entity": "this",
              "predicate": {
                "equipment": {
                  "mainhand": {
                    "items": [
                      "stone_pickaxe",
                      "iron_pickaxe",
                      "diamond_pickaxe"
                    ]
                  }
                }
              }
            }
          ],
          "name": "minecraft:coal"
        },
        {
          "type": "minecraft:item",
          "weight": 2,
          "functions": [
            {
              "function": "minecraft:set_count",
              "count": {
                "max": 3,
                "min": 1
              }
            },
            {
              "function": "minecraft:looting_enchant",
              "count": {
                "min": 0.0,
                "max": 1.0
              }
            }
          ],
          "conditions": [
            {
              "condition": "entity_properties",
              "entity": "this",
              "predicate": {
                "equipment": {
                  "mainhand": {
                    "items": [
                      "stone_pickaxe",
                      "iron_pickaxe",
                      "diamond_pickaxe"
                    ]
                  }
                }
              }
            }
          ],
          "name": "minecraft:raw_iron"
        },
        {
          "type": "minecraft:item",
          "weight": 2,
          "functions": [
            {
              "function": "minecraft:set_count",
              "count": {
                "max": 2,
                "min": 1
              }
            },
            {
              "function": "minecraft:looting_enchant",
              "count": {
                "min": 0.0,
                "max": 1.0
              }
            }
          ],
          "conditions": [
            {
              "condition": "entity_properties",
              "entity": "this",
              "predicate": {
                "equipment": {
                  "mainhand": {
                    "items": [
                      "iron_pickaxe",
                      "diamond_pickaxe"
                    ]
                  }
                }
              }
            }
          ],
          "name": "minecraft:raw_gold"
        },
        {
          "type": "minecraft:item",
          "weight": 2,
          "functions": [
            {
              "function": "minecraft:set_count",
              "count": {
                "max": 3,
                "min": 1
              }
            },
            {
              "function": "minecraft:looting_enchant",
              "count": {
                "min": 0.0,
                "max": 1.0
              }
            }
          ],
          "conditions": [
            {
              "condition": "entity_properties",
              "entity": "this",
              "predicate": {
                "equipment": {
                  "mainhand": {
                    "items": [
                      "iron_pickaxe",
                      "diamond_pickaxe"
                    ]
                  }
                }
              }
            }
          ],
          "name": "minecraft:redstone"
        },
        {
          "type": "minecraft:item",
          "weight": 1,
          "functions": [
            {
              "function": "minecraft:set_count",
              "count": 1
            },
            {
              "function": "minecraft:looting_enchant",
              "count": {
                "min": 0.0,
                "max": 1.0
              }
            }
          ],
          "conditions": [
            {
              "condition": "entity_properties",
              "entity": "this",
              "predicate": {
                "equipment": {
                  "mainhand": {
                    "items": [
                      "diamond_pickaxe"
                    ]
                  }
                }
              }
            }
          ],
          "name": "minecraft:diamond"
        }
      ]
    }
  ]
}