{
  "type": "minecraft:entity",
  "pools": [
    {
      "rolls": 1,
      "entries": [
        {
          "type": "loot_table",
          "name": "minecraft:entities/wither_skeleton"
        }
      ]
    },
    {
      "rolls": 1,
      "entries": [
        {
          "type": "minecraft:item",
          "functions": [
            {
              "function": "minecraft:set_count",
              "count": {
                "min": 0.0,
                "max": 1.0,
                "type": "minecraft:uniform"
              }
            },
            {
              "function": "minecraft:looting_enchant",
              "count": {
                "min": 0.0,
                "max": 1.0
              },
              "limit": 1
            },
            {
              "function": "minecraft:set_nbt",
              "tag": "{custom_potion_effects:[{ambient:0b,duration:100,amplifier:0b,show_particles:1b,show_icon:1b,id:\"minecraft:wither\"}],CustomPotionColor:3019784,display:{Name:'[{\"italic\":false,\"translate\":\"effect.minecraft.wither\"},{\"italic\":false,\"text\":\" \"},{\"italic\":false,\"translate\":\"item.minecraft.tipped_arrow\"}]',Lore:['[{\"italic\":false,\"color\":\"red\",\"translate\":\"effect.minecraft.wither\"},{\"text\":\"（0:05）\",\"italic\":false,\"color\":\"red\"}]']},HideFlags:63}"
            }
          ],
          "name": "minecraft:tipped_arrow"
        }
      ],
      "conditions": [
        {
          "condition": "minecraft:killed_by_player"
        }
      ]
    }
  ]
}